image,match
image-20210928-102713-12d2869d.jpg,M0505OCEAM68P
image-20210928-102718-2474636a.jpg,M0505SNEAM900
image-20210928-102721-8eaea48f.jpg,M0565ONGEM116
image-20210928-102725-7e28b44c.jpg,M9203UMOSM46E
image-20210928-102729-f53d9faf.jpg,M9203UMOSM747
image-20210928-102732-8502aded.jpg,Not in list
image-20210928-102747-05631ad4.jpg,Not in list
image-20210928-102758-fd41d453.jpg,M0505SNEAM900
image-20210928-102802-39d3c54f.jpg,S5475ZRHMM918
image-20210928-102806-79d7094b.jpg,M1286ZRHMM918
image-20210928-102940-20cd277d.jpg,EVDRS1UQRB0G0
image-20210928-103146-c8d2fedb.jpg,M0446CTZQM989
image-20210928-103157-a46cc321.jpg,30MNTGN8072K
image-20210928-103200-ce51703f.jpg,Not in list
image-20210928-103217-38e9a47d.jpg,M531SPAYCM042
image-20210928-102713-12d2869d.jpg,M0505OCEAM68P
image-20210928-102718-2474636a.jpg,M0505SNEAM900
image-20210928-102721-8eaea48f.jpg,M0565ONGEM116
image-20210928-102725-7e28b44c.jpg,M9203UMOSM46E
image-20210928-102729-f53d9faf.jpg,M9203UMOSM747
image-20210928-102732-8502aded.jpg,Not in list
image-20210928-102747-05631ad4.jpg,Not in list
image-20210928-102758-fd41d453.jpg,M0505SNEAM900
image-20210928-102802-39d3c54f.jpg,S5475ZRHMM918
image-20210928-102806-79d7094b.jpg,M1286ZRHMM918
image-20210928-102940-20cd277d.jpg,EVDRS1UQRB0G0
image-20210928-103146-c8d2fedb.jpg,M0446CTZQM989
image-20210928-103157-a46cc321.jpg,30MNTGN8072K
image-20210928-103200-ce51703f.jpg,Not in list
image-20210928-103217-38e9a47d.jpg,M531SPAYCM042
IMG_6884.jpg,Not in list
IMG_6885.jpg,Not in list
IMG_6886.jpg,Not in list
IMG_6888.jpg,30MTBUXR55F1
IMG_6889.jpg,EVDRAUQRB0B0
IMG_6891.jpg,M9203SBAVM989
IMG_6892.jpg,Not in list
IMG_6893.jpg,M9203UTFQM928
IMG_6894.jpg,M9204UCYMXM85B
